matrix_cnt,min_processes,min_times
1,1,0.007483005523681641
2,1,0.0033745765686035156
3,4,0.003814220428466797
4,2,0.004240274429321289
5,1,0.0025818347930908203
6,1,0.0017504692077636719
7,1,0.0014579296112060547
8,1,0.002927064895629883
9,2,0.001996278762817383
10,1,0.003555774688720703
11,1,0.0010559558868408203
12,1,0.0053288936614990234
13,1,0.0006480216979980469
14,1,0.0006628036499023438
15,1,0.0011560916900634766
16,1,0.0025680065155029297
17,1,0.003227710723876953
18,1,0.009674787521362305
19,1,0.01062321662902832
20,2,0.0075702667236328125
21,1,0.011455774307250977
22,4,0.015387296676635742
23,1,0.0008234977722167969
24,1,0.0035250186920166016
25,1,0.001216888427734375
26,1,0.0033359527587890625
27,1,0.0024912357330322266
28,1,0.007560253143310547
29,1,0.007584095001220703
30,2,0.009921073913574219
31,2,0.009454488754272461
32,2,0.01658344268798828
33,2,0.018651723861694336
34,4,0.02137899398803711
35,4,0.03190803527832031
36,4,0.01546335220336914
37,2,0.006028413772583008
38,2,0.004137516021728516
39,4,0.013140678405761719
40,1,0.0013399124145507812
41,4,0.02789759635925293
42,2,0.018843650817871094
43,2,0.030017852783203125
44,1,0.0005896091461181641
45,1,0.0006847381591796875
46,1,0.0008919239044189453
47,1,0.0009701251983642578
48,1,0.00103759765625
49,1,0.0022039413452148438
50,4,0.004348278045654297
51,4,0.0038635730743408203
52,2,0.004227638244628906
53,4,0.0065386295318603516
54,1,0.00684046745300293
55,2,0.017522096633911133
56,2,0.016533374786376953
57,2,0.003343820571899414
58,1,0.0025620460510253906
59,2,0.013826608657836914
60,1,0.0010030269622802734
61,4,0.006013154983520508
62,4,0.008147716522216797
63,4,0.02461409568786621
64,4,0.008585214614868164
65,6,0.019017457962036133
66,2,0.023956298828125
67,4,0.018376588821411133
68,12,0.0198819637298584
69,4,0.007372379302978516
70,1,0.0057299137115478516
71,2,0.0070302486419677734
72,1,0.006569862365722656
73,1,0.006813764572143555
74,1,0.00702977180480957
75,2,0.004629373550415039
76,2,0.005498409271240234
77,1,0.006341218948364258
78,1,0.0069425106048583984
79,4,0.008119344711303711
80,2,0.008450984954833984
81,1,0.0018379688262939453
82,1,0.0019042491912841797
83,1,0.002048969268798828
84,1,0.002441883087158203
85,1,0.0005719661712646484
86,1,0.0032804012298583984
87,1,0.0033829212188720703
88,1,0.003155231475830078
89,4,0.004372358322143555
90,1,0.0010061264038085938
91,1,0.0007638931274414062
92,1,0.007622241973876953
93,2,0.005692720413208008
94,1,0.0009031295776367188
95,2,0.008254051208496094
96,1,0.0012927055358886719
97,1,0.000789642333984375
98,1,0.009937524795532227
99,2,0.006662130355834961
100,2,0.009187698364257812
101,2,0.001615285873413086
102,1,0.0035178661346435547
103,1,0.0020694732666015625
104,4,0.0018057823181152344
105,1,0.0023822784423828125
106,1,0.0018541812896728516
107,1,0.002267599105834961
108,8,0.017665863037109375
109,1,0.003208160400390625
110,4,0.0029401779174804688
111,4,0.002620697021484375
112,1,0.003700733184814453
113,1,0.0043337345123291016
114,1,0.004561185836791992
115,1,0.006422758102416992
116,1,0.0047397613525390625
117,1,0.0007970333099365234
118,1,0.006048679351806641
119,1,0.006047248840332031
120,1,0.0008378028869628906
121,1,0.0008153915405273438
122,2,0.0046885013580322266
123,1,0.008847236633300781
124,1,0.0010974407196044922
125,4,0.004155635833740234
126,4,0.00734257698059082
127,2,0.015194416046142578
128,2,0.014801740646362305
129,1,0.0018315315246582031
130,1,0.0017824172973632812
131,1,0.0017459392547607422
132,1,0.001745462417602539
133,2,0.00525975227355957
134,1,0.0055620670318603516
135,1,0.005351543426513672
136,1,0.0054988861083984375
137,1,0.0049250125885009766
138,1,0.004677534103393555
139,1,0.004741668701171875
140,1,0.007224082946777344
141,1,0.007155179977416992
142,2,0.005646944046020508
143,4,0.028412342071533203
144,4,0.018337488174438477
145,4,0.01879119873046875
146,1,0.001251220703125
147,1,0.008617639541625977
148,1,0.008847713470458984
149,1,0.0011026859283447266
150,1,0.0017232894897460938
151,1,0.0018246173858642578
152,1,0.0017445087432861328
153,1,0.0026679039001464844
154,1,0.003869295120239258
155,1,0.005285501480102539
156,1,0.0005967617034912109
157,1,0.007916450500488281
158,1,0.013674497604370117
159,1,0.0015065670013427734
160,1,0.0008068084716796875
161,1,0.0012173652648925781
162,1,0.0029413700103759766
163,1,0.002157926559448242
164,2,0.007609367370605469
165,1,0.009246826171875
166,2,0.009183406829833984
167,1,0.012740373611450195
168,1,0.011023998260498047
169,1,0.012128829956054688
170,2,0.009057998657226562
171,4,0.0060236454010009766
172,1,0.011428117752075195
173,1,0.0004317760467529297
174,1,0.0004696846008300781
175,1,0.007947921752929688
176,1,0.0012729167938232422
177,4,0.014651060104370117
178,1,0.00433659553527832
179,4,0.012662649154663086
180,1,0.001215219497680664
181,1,0.0042362213134765625
182,4,0.005927324295043945
183,2,0.008654356002807617
184,2,0.011143207550048828
185,4,0.007578372955322266
186,2,0.015940427780151367
187,4,0.016458749771118164
188,2,0.015192508697509766
189,10,0.014029741287231445
190,1,0.002550840377807617
191,2,0.0033876895904541016
192,4,0.0033211708068847656
193,1,0.0068471431732177734
194,1,0.002489328384399414
195,1,0.002552509307861328
196,2,0.008853673934936523
197,4,0.02112412452697754
198,2,0.028661727905273438
199,6,0.018241405487060547
200,1,0.002785921096801758
201,4,0.009073495864868164
202,1,0.01142740249633789
203,1,0.002321958541870117
204,1,0.005805492401123047
205,1,0.001856088638305664
206,2,0.005173683166503906
207,2,0.011846065521240234
208,1,0.0011436939239501953
209,1,0.005918979644775391
210,4,0.0043299198150634766
211,1,0.00658869743347168
212,12,0.03597760200500488
213,4,0.007472991943359375
214,4,0.0037152767181396484
215,2,0.01414346694946289
216,4,0.018831729888916016
217,2,0.004639148712158203
218,2,0.012196063995361328
219,1,0.002907991409301758
220,1,0.0006082057952880859
221,2,0.008440732955932617
222,2,0.003922462463378906
223,1,0.0004668235778808594
224,1,0.0020563602447509766
225,1,0.006750583648681641
226,2,0.0170900821685791
227,4,0.004147768020629883
228,4,0.01440572738647461
229,4,0.015957117080688477
230,4,0.0055086612701416016
231,4,0.01024770736694336
232,1,0.003935098648071289
233,1,0.003947019577026367
234,1,0.003934383392333984
235,4,0.019580602645874023
236,1,0.0038199424743652344
237,2,0.009295225143432617
238,1,0.0013079643249511719
239,1,0.003401041030883789
240,1,0.003766298294067383
241,1,0.003970623016357422
242,1,0.003905057907104492
243,2,0.01148223876953125
244,2,0.013958930969238281
245,1,0.007401466369628906
246,2,0.00937962532043457
247,1,0.0008347034454345703
248,1,0.0011658668518066406
249,1,0.0011937618255615234
250,1,0.0013210773468017578
251,1,0.0032820701599121094
252,2,0.0028371810913085938
253,1,0.0034079551696777344
254,1,0.005003690719604492
255,1,0.0063207149505615234
256,1,0.009841442108154297
257,4,0.007210731506347656
258,1,0.0015828609466552734
259,1,0.0007855892181396484
260,1,0.003030538558959961
261,1,0.0030922889709472656
262,1,0.0033953189849853516
263,1,0.006276369094848633
264,1,0.006368398666381836
265,1,0.006592273712158203
266,4,0.004448652267456055
267,4,0.020633459091186523
268,2,0.008289575576782227
269,4,0.03986334800720215
270,1,0.004326343536376953
271,1,0.0008981227874755859
272,2,0.00623321533203125
273,1,0.0037086009979248047
274,1,0.0008640289306640625
275,1,0.007359504699707031
276,1,0.0016486644744873047
277,4,0.012470483779907227
278,1,0.007350444793701172
279,4,0.005796909332275391
280,6,0.004103899002075195
281,1,0.007552385330200195
282,2,0.006407737731933594
283,1,0.007328510284423828
284,1,0.0013957023620605469
285,1,0.003935813903808594
286,1,0.005537271499633789
287,1,0.015555620193481445
288,1,0.003992557525634766
289,1,0.004105329513549805
290,4,0.03133201599121094
291,1,0.0015716552734375
292,1,0.007769346237182617
293,1,0.003562450408935547
294,1,0.002647876739501953
295,1,0.0021514892578125
296,1,0.0010297298431396484
297,2,0.004770755767822266
298,1,0.013309240341186523
299,4,0.0020904541015625
300,2,0.020376205444335938
301,1,0.001905202865600586
302,4,0.010375261306762695
303,2,0.00476837158203125
304,4,0.010293245315551758
305,1,0.0059773921966552734
306,1,0.01256871223449707
307,4,0.005248546600341797
308,2,0.010736227035522461
309,4,0.021061420440673828
310,1,0.008129119873046875
311,1,0.0012090206146240234
312,1,0.003474712371826172
313,2,0.019906282424926758
314,1,0.0010523796081542969
315,4,0.006806373596191406
316,2,0.014487028121948242
317,4,0.011240005493164062
318,4,0.035762786865234375
319,6,0.021693944931030273
320,4,0.01077413558959961
321,16,0.06250381469726562
322,2,0.02095818519592285
323,6,0.016784191131591797
324,4,0.01670360565185547
325,4,0.03119659423828125
326,4,0.014960289001464844
327,2,0.03005075454711914
328,4,0.014995098114013672
329,4,0.03226208686828613
330,4,0.010486125946044922
331,4,0.02696537971496582
332,1,0.006510019302368164
333,4,0.0042612552642822266
334,1,0.006354093551635742
335,1,0.006367921829223633
336,2,0.021919965744018555
337,6,0.01579451560974121
338,2,0.017915964126586914
339,4,0.027708053588867188
340,2,0.020925283432006836
341,4,0.026087284088134766
342,4,0.02581334114074707
343,4,0.0247952938079834
344,6,0.030313491821289062
345,10,0.017613887786865234
346,4,0.025979995727539062
347,6,0.016730785369873047
348,4,0.02756524085998535
349,10,0.021544218063354492
350,4,0.019659757614135742
351,4,0.029911518096923828
352,4,0.03729367256164551
353,8,0.019402265548706055
354,4,0.032309532165527344
355,4,0.009190559387207031
356,2,0.015890121459960938
357,4,0.01775527000427246
358,4,0.016680479049682617
359,2,0.018679380416870117
360,4,0.029051542282104492
361,4,0.014921188354492188
362,4,0.026808738708496094
363,4,0.010040521621704102
364,4,0.04011178016662598
365,1,0.012966394424438477
366,2,0.019400835037231445
367,4,0.020320415496826172
368,4,0.024301528930664062
369,1,0.0006673336029052734
370,4,0.02917313575744629
371,4,0.0276334285736084
372,10,0.024017333984375
373,12,0.03473377227783203
374,4,0.04725790023803711
375,4,0.028184890747070312
376,10,0.04303717613220215
377,4,0.028620243072509766
378,1,0.0004000663757324219
379,1,0.00776982307434082
380,2,0.006363630294799805
381,4,0.04660820960998535
382,4,0.03264880180358887
383,8,0.04329395294189453
384,4,0.017908096313476562
385,4,0.02019977569580078
386,4,0.014083385467529297
387,4,0.016419649124145508
388,4,0.015391111373901367
389,4,0.03673148155212402
390,1,0.00086212158203125
391,1,0.0008909702301025391
392,1,0.0007088184356689453
393,10,0.03784370422363281
394,10,0.0290682315826416
395,2,0.013631343841552734
396,4,0.030559539794921875
397,2,0.018010377883911133
398,4,0.008714914321899414
399,1,0.005370616912841797
400,1,0.005303382873535156
401,1,0.005482912063598633
402,1,0.00989675521850586
403,1,0.00977635383605957
404,4,0.005028486251831055
405,1,0.009937763214111328
406,1,0.009179353713989258
407,1,0.009202957153320312
408,2,0.02490997314453125
409,2,0.0092315673828125
410,1,0.009356260299682617
411,2,0.02692890167236328
412,4,0.018145084381103516
413,2,0.023504972457885742
414,4,0.012827634811401367
415,6,0.02223658561706543
416,4,0.015629291534423828
417,6,0.01673722267150879
418,2,0.023261547088623047
419,4,0.01300668716430664
420,2,0.0177767276763916
421,6,0.011795997619628906
422,1,0.012956857681274414
423,2,0.011751890182495117
424,1,0.01260232925415039
425,4,0.01273036003112793
426,2,0.01822495460510254
427,4,0.011796712875366211
428,2,0.022507905960083008
429,6,0.01746368408203125
430,4,0.0175325870513916
431,2,0.0158233642578125
432,2,0.018337488174438477
433,2,0.015520095825195312
434,4,0.009182929992675781
435,2,0.014358997344970703
436,2,0.013984918594360352
437,4,0.010277509689331055
438,6,0.017215251922607422
439,2,0.013717412948608398
440,4,0.012544393539428711
441,4,0.024437904357910156
442,4,0.01082468032836914
443,4,0.01073145866394043
444,1,0.012076139450073242
445,1,0.012253522872924805
446,4,0.005621671676635742
447,4,0.022290945053100586
448,4,0.019567012786865234
449,4,0.017490386962890625
450,48,0.028042078018188477
451,2,0.03859853744506836
452,6,0.022235393524169922
453,6,0.023365497589111328
454,4,0.022332191467285156
455,4,0.029043912887573242
456,4,0.04184293746948242
457,10,0.0444486141204834
458,4,0.016860485076904297
459,4,0.027408361434936523
460,6,0.03459739685058594
461,4,0.010629415512084961
462,2,0.02730703353881836
463,6,0.024410486221313477
464,4,0.013803958892822266
465,4,0.021975994110107422
466,8,0.0739438533782959
467,4,0.016452550888061523
468,4,0.021417856216430664
469,4,0.03434562683105469
470,4,0.028955698013305664
471,4,0.03222012519836426
472,2,0.033731937408447266
473,8,0.05803656578063965
474,4,0.04408144950866699
475,4,0.025493860244750977
476,8,0.028191089630126953
477,1,0.010569334030151367
478,1,0.024788618087768555
479,1,0.0008678436279296875
480,1,0.0005574226379394531
481,1,0.004185676574707031
482,1,0.005463838577270508
483,1,0.005589723587036133
484,1,0.0032165050506591797
485,1,0.003430604934692383
486,1,0.0010352134704589844
487,4,0.005861759185791016
488,4,0.0181884765625
489,1,0.0022416114807128906
490,1,0.0026373863220214844
491,1,0.002687692642211914
492,8,0.019038915634155273
493,1,0.022698640823364258
494,1,0.022836685180664062
495,1,0.011691808700561523
496,1,0.030991315841674805
497,8,0.02083110809326172
498,1,0.004788398742675781
499,4,0.020402908325195312
500,4,0.02707815170288086
501,4,0.0025403499603271484
502,1,0.003655672073364258
503,1,0.0068511962890625
504,1,0.0041348934173583984
505,4,0.0078012943267822266
506,4,0.00535130500793457
507,4,0.01564168930053711
508,1,0.010025978088378906
509,1,0.0044057369232177734
510,4,0.01166391372680664
511,2,0.017856359481811523
512,1,0.0052947998046875
513,4,0.004945278167724609
514,1,0.0026924610137939453
515,1,0.0028276443481445312
516,1,0.0007588863372802734
517,4,0.006802797317504883
518,8,0.03222012519836426
519,16,0.06548333168029785
520,1,0.0017116069793701172
521,2,0.009648799896240234
522,1,0.005133390426635742
523,4,0.012771129608154297
524,6,0.04183793067932129
525,1,0.0069310665130615234
526,4,0.019437313079833984
527,4,0.005452394485473633
528,4,0.028055191040039062
529,4,0.0055959224700927734
530,4,0.00503993034362793
531,1,0.012720108032226562
532,2,0.020534276962280273
533,6,0.035784006118774414
534,4,0.00786733627319336
535,1,0.0012013912200927734
536,1,0.0009984970092773438
537,1,0.0015902519226074219
538,1,0.0006840229034423828
539,1,0.0006644725799560547
540,2,0.0031921863555908203
541,1,0.0012018680572509766
542,1,0.0035140514373779297
543,6,0.004750967025756836
544,4,0.0058557987213134766
545,1,0.0028562545776367188
546,1,0.004497528076171875
547,1,0.0022461414337158203
548,1,0.003879070281982422
549,1,0.007485866546630859
550,1,0.0025854110717773438
551,4,0.004756927490234375
552,1,0.012148857116699219
553,1,0.0017135143280029297
554,1,0.0013501644134521484
555,1,0.00453948974609375
556,1,0.006003379821777344
557,1,0.004746675491333008
558,2,0.007934331893920898
559,4,0.006600618362426758
560,1,0.015197038650512695
561,1,0.009786844253540039
562,2,0.007647991180419922
563,1,0.00460052490234375
564,4,0.003324270248413086
565,1,0.003901958465576172
566,1,0.004816532135009766
567,1,0.0011911392211914062
568,4,0.007997274398803711
569,10,0.04073953628540039
570,4,0.012900829315185547
571,1,0.004605293273925781
572,1,0.0018877983093261719
573,4,0.0353240966796875
574,2,0.021375179290771484
575,1,0.0027654170989990234
576,1,0.0036377906799316406
577,12,0.03946399688720703
578,1,0.0005037784576416016
579,1,0.0015952587127685547
580,10,0.014461278915405273
581,1,0.0025634765625
582,4,0.007328510284423828
583,1,0.002124786376953125
584,1,0.001382589340209961
585,1,0.0014188289642333984
586,1,0.0007870197296142578
587,1,0.0004131793975830078
588,4,0.036908864974975586
589,4,0.012024164199829102
590,4,0.013944387435913086
591,1,0.0004329681396484375
592,1,0.0004417896270751953
593,1,0.0010213851928710938
594,1,0.005526542663574219
595,2,0.009220600128173828
596,1,0.0022864341735839844
597,1,0.004072427749633789
598,1,0.0055425167083740234
599,1,0.002646207809448242
600,1,0.0035066604614257812
601,1,0.0026378631591796875
602,4,0.0022554397583007812
603,1,0.0006046295166015625
604,4,0.007386207580566406
605,4,0.015151262283325195
606,4,0.025742292404174805
607,8,0.02470088005065918
608,6,0.019478797912597656
609,4,0.020836591720581055
610,4,0.03131508827209473
611,10,0.03494596481323242
612,1,0.0017924308776855469
613,1,0.003227710723876953
614,1,0.005276918411254883
615,1,0.008348464965820312
616,2,0.026058673858642578
617,6,0.02355217933654785
618,6,0.015352249145507812
619,2,0.013173580169677734
620,1,0.0036482810974121094
621,4,0.025504350662231445
622,4,0.03332114219665527
623,6,0.025122404098510742
624,4,0.012078285217285156
625,10,0.011378765106201172
626,2,0.02341771125793457
627,4,0.007865428924560547
628,2,0.028041839599609375
629,2,0.010721921920776367
630,12,0.0352327823638916
631,4,0.02631998062133789
632,4,0.03799939155578613
633,16,0.023015260696411133
634,1,0.0009899139404296875
635,4,0.028246402740478516
636,2,0.0344388484954834
637,1,0.0007879734039306641
638,1,0.0007793903350830078
639,1,0.0007898807525634766
640,1,0.0029022693634033203
641,1,0.002915620803833008
642,1,0.0027158260345458984
643,1,0.0027768611907958984
644,1,0.0009903907775878906
645,1,0.0025479793548583984
646,10,0.044141530990600586
647,4,0.036751508712768555
648,4,0.035532236099243164
649,1,0.011842489242553711
650,12,0.020908832550048828
651,12,0.01627349853515625
652,1,0.0003924369812011719
653,1,0.0004296302795410156
654,1,0.0006909370422363281
655,1,0.0012514591217041016
656,1,0.0037522315979003906
657,4,0.008736610412597656
658,4,0.01672077178955078
659,4,0.02437305450439453
660,12,0.02863597869873047
661,12,0.03360128402709961
662,6,0.0203855037689209
663,1,0.0033092498779296875
664,1,0.003873586654663086
665,4,0.028153181076049805
666,2,0.03602266311645508
667,4,0.007955312728881836
668,1,0.014657974243164062
669,1,0.01569342613220215
670,2,0.011031389236450195
671,1,0.015608787536621094
672,4,0.008515119552612305
673,4,0.0065882205963134766
674,4,0.009488344192504883
675,4,0.011344432830810547
676,4,0.015275239944458008
677,1,0.015688419342041016
678,2,0.011744499206542969
679,4,0.009697914123535156
680,4,0.013473987579345703
681,4,0.013372659683227539
682,4,0.011267662048339844
683,2,0.013882875442504883
684,2,0.015485048294067383
685,2,0.010330438613891602
686,4,0.009659528732299805
687,1,0.014992475509643555
688,2,0.014848470687866211
689,4,0.009134292602539062
690,4,0.013227701187133789
691,2,0.01031494140625
692,2,0.014083623886108398
693,4,0.00836801528930664
694,4,0.010271310806274414
695,4,0.013704061508178711
696,2,0.012952327728271484
697,4,0.0054967403411865234
698,4,0.009029388427734375
699,1,0.01567840576171875
700,2,0.010541439056396484
701,6,0.010319232940673828
702,4,0.013247013092041016
703,2,0.008737564086914062
704,1,0.015070676803588867
705,1,0.015065670013427734
706,1,0.015221118927001953
707,2,0.009688854217529297
708,4,0.013719320297241211
709,2,0.01458597183227539
710,4,0.00742650032043457
711,2,0.014246940612792969
712,1,0.014969587326049805
713,2,0.009125232696533203
714,4,0.010501384735107422
715,1,0.015252113342285156
716,2,0.00904083251953125
717,4,0.009327888488769531
718,4,0.011146306991577148
719,2,0.009362220764160156
720,2,0.015849590301513672
721,4,0.009081363677978516
722,4,0.011893749237060547
723,4,0.010386228561401367
724,4,0.006293773651123047
725,2,0.009866476058959961
726,4,0.012182474136352539
727,4,0.009279727935791016
728,1,0.01458883285522461
729,1,0.01575016975402832
730,1,0.015317916870117188
731,4,0.007905960083007812
732,4,0.007146358489990234
733,4,0.015129566192626953
734,2,0.008590459823608398
735,2,0.010326623916625977
736,4,0.009263277053833008
737,4,0.011463403701782227
738,2,0.0058977603912353516
739,1,0.008881330490112305
740,2,0.00677037239074707
741,2,0.006186962127685547
742,1,0.008843660354614258
743,4,0.003800630569458008
744,1,0.009122848510742188
745,1,0.008829116821289062
746,4,0.007238864898681641
747,4,0.005702495574951172
748,1,0.009391307830810547
749,1,0.009055376052856445
750,1,0.009426355361938477
751,1,0.008902788162231445
752,1,0.008908510208129883
753,1,0.009396791458129883
754,1,0.009270906448364258
755,2,0.009402275085449219
756,1,0.00914621353149414
757,10,0.005452632904052734
758,1,0.009010553359985352
759,4,0.005628347396850586
760,1,0.009166479110717773
761,1,0.009000301361083984
762,1,0.00910496711730957
763,4,0.0053081512451171875
764,4,0.008531808853149414
765,1,0.009102344512939453
766,2,0.005689859390258789
767,1,0.009656906127929688
768,1,0.009196043014526367
769,1,0.009558439254760742
770,4,0.007305622100830078
771,2,0.0077250003814697266
772,4,0.006299734115600586
773,2,0.007460117340087891
774,4,0.006411552429199219
775,1,0.009368419647216797
776,2,0.008526802062988281
777,1,0.009127378463745117
778,2,0.008171796798706055
779,2,0.008069515228271484
780,1,0.008987188339233398
781,1,0.009270429611206055
782,4,0.00725865364074707
783,1,0.009086847305297852
784,2,0.008379936218261719
785,1,0.009338855743408203
786,1,0.008877277374267578
787,4,0.00744175910949707
788,4,0.0052068233489990234
789,2,0.00805807113647461
790,1,0.010467052459716797
791,4,0.007200002670288086
792,2,0.002615213394165039
793,1,0.0031909942626953125
794,2,0.0026078224182128906
795,1,0.0030469894409179688
796,1,0.003128528594970703
797,1,0.0030355453491210938
798,1,0.003031015396118164
799,1,0.0031232833862304688
800,1,0.0030493736267089844
801,1,0.003072977066040039
802,1,0.003007173538208008
803,1,0.002942323684692383
804,1,0.003041982650756836
805,1,0.003091573715209961
806,1,0.003057718276977539
807,2,0.002376556396484375
808,1,0.003173351287841797
809,1,0.0030832290649414062
810,1,0.003076791763305664
811,1,0.0029900074005126953
812,1,0.0030455589294433594
813,1,0.003059864044189453
814,1,0.0030755996704101562
815,1,0.003045320510864258
816,1,0.003118276596069336
817,1,0.0030128955841064453
818,1,0.003086566925048828
819,1,0.003072977066040039
820,1,0.003012418746948242
821,1,0.0030088424682617188
822,2,0.0026426315307617188
823,1,0.0030117034912109375
824,1,0.003008604049682617
825,1,0.0030798912048339844
826,1,0.002993345260620117
827,1,0.003009319305419922
828,1,0.0029985904693603516
829,1,0.0029976367950439453
830,1,0.0030710697174072266
831,1,0.0030329227447509766
832,1,0.0031037330627441406
833,1,0.0030472278594970703
834,1,0.003140687942504883
835,1,0.0031883716583251953
836,1,0.003031015396118164
837,1,0.0031256675720214844
838,1,0.0030975341796875
839,1,0.0030472278594970703
840,1,0.003049612045288086
841,1,0.0030210018157958984
842,1,0.0030057430267333984
843,1,0.003119945526123047
844,1,0.003053903579711914
845,4,0.0026612281799316406
846,1,0.003063201904296875
847,1,0.0032074451446533203
848,1,0.0031092166900634766
849,1,0.0030717849731445312
850,2,0.028906583786010742
851,2,0.015718460083007812
852,1,0.004029273986816406
853,10,0.03128933906555176
854,4,0.03130054473876953
855,1,0.0005824565887451172
856,6,0.017198562622070312
857,4,0.02297687530517578
858,2,0.01419520378112793
859,8,0.03677034378051758
860,4,0.024897336959838867
861,2,0.011884450912475586
862,16,0.02358841896057129
863,1,0.01101827621459961
864,6,0.0020542144775390625
865,8,0.034575462341308594
866,12,0.031100749969482422
867,12,0.05315756797790527
868,1,0.0014426708221435547
869,2,0.012193441390991211
870,4,0.025402545928955078
871,1,0.002062082290649414
872,1,0.0005552768707275391
873,10,0.010029077529907227
874,2,0.02683091163635254
875,2,0.015102386474609375
876,4,0.0469059944152832
877,4,0.03942251205444336
878,4,0.028697729110717773
879,12,0.051849365234375
880,6,0.053191423416137695
881,12,0.042615652084350586
882,4,0.043497323989868164
883,4,0.008202314376831055
884,4,0.03868722915649414
885,4,0.039638519287109375
886,4,0.04265618324279785
887,10,0.03371262550354004
888,4,0.03669595718383789
889,8,0.04290366172790527
890,1,0.0014719963073730469
891,1,0.001220703125
892,1,0.010618448257446289
893,4,0.017187833786010742
894,1,0.00873255729675293
895,1,0.015549182891845703
896,12,0.04312443733215332
897,10,0.01665043830871582
898,8,0.036956071853637695
899,12,0.035402774810791016
900,4,0.013101816177368164
901,2,0.03954648971557617
902,12,0.03157472610473633
903,4,0.042316436767578125
904,4,0.006268739700317383
905,8,0.038529157638549805
906,10,0.03151392936706543
907,4,0.058144330978393555
908,1,0.00048160552978515625
909,10,0.046575307846069336
910,1,0.0004830360412597656
911,1,0.011607646942138672
912,4,0.023941516876220703
913,2,0.01527714729309082
914,4,0.015250921249389648
915,4,0.019098281860351562
916,16,0.020882844924926758
917,1,0.0013794898986816406
918,1,0.005179166793823242
919,1,0.0007460117340087891
920,2,0.011224508285522461
921,4,0.018891572952270508
922,1,0.003900766372680664
923,4,0.016551494598388672
924,2,0.003612995147705078
925,2,0.019605159759521484
926,1,0.0040209293365478516
927,4,0.019440174102783203
928,2,0.012445926666259766
929,12,0.04099249839782715
930,1,0.0005559921264648438
931,1,0.0017659664154052734
932,1,0.002801179885864258
933,1,0.0015795230865478516
934,1,0.001983642578125
935,1,0.00045037269592285156
936,1,0.0005545616149902344
937,1,0.0004875659942626953
938,1,0.0008268356323242188
939,4,0.006621360778808594
940,1,0.0010554790496826172
941,1,0.0005996227264404297
942,1,0.0006148815155029297
943,1,0.0007967948913574219
944,1,0.00544428825378418
945,1,0.0008609294891357422
946,1,0.0007615089416503906
947,1,0.0009756088256835938
948,1,0.0009548664093017578
949,1,0.0007259845733642578
950,1,0.001169443130493164
951,1,0.00046706199645996094
952,1,0.00096893310546875
953,1,0.0010447502136230469
954,1,0.0007505416870117188
955,1,0.0007536411285400391
956,4,0.01571035385131836
957,1,0.0006856918334960938
958,1,0.008470535278320312
959,2,0.017072200775146484
960,10,0.022832393646240234
961,2,0.006970405578613281
962,4,0.013426542282104492
963,1,0.0004830360412597656
964,1,0.0004749298095703125
965,1,0.007798194885253906
966,1,0.0008602142333984375
967,1,0.0019719600677490234
968,2,0.011703729629516602
969,1,0.0059185028076171875
970,1,0.0016155242919921875
971,1,0.00047779083251953125
972,1,0.00042128562927246094
973,1,0.00040435791015625
974,1,0.0004260540008544922
975,1,0.00043582916259765625
976,1,0.004427433013916016
977,2,0.016659021377563477
978,2,0.0038983821868896484
979,1,0.01896977424621582
980,8,0.023044586181640625
981,2,0.014597892761230469
982,4,0.018004655838012695
983,2,0.01854228973388672
984,2,0.013438701629638672
985,12,0.0195770263671875
986,2,0.024979829788208008
987,4,0.013950347900390625
988,8,0.02751922607421875
989,2,0.030965089797973633
990,2,0.03391599655151367
991,4,0.017256975173950195
992,2,0.027862071990966797
993,4,0.016805410385131836
994,2,0.029369592666625977
995,12,0.03908491134643555
996,2,0.04827737808227539
997,8,0.023735523223876953
998,2,0.04154014587402344
999,4,0.03498649597167969
1000,4,0.0398859977722168
1001,4,0.03342247009277344
1002,10,0.035631418228149414
1003,4,0.03474235534667969
1004,6,0.040674686431884766
1005,8,0.03591632843017578
1006,4,0.030335187911987305
1007,2,0.013506174087524414
1008,2,0.008720159530639648
1009,4,0.022870540618896484
1010,1,0.0039043426513671875
1011,1,0.003966808319091797
1012,1,0.005602598190307617
1013,4,0.004981279373168945
1014,4,0.016916275024414062
1015,4,0.009957313537597656
1016,12,0.03473997116088867
1017,2,0.01696944236755371
1018,4,0.01661396026611328
1019,2,0.008541345596313477
1020,1,0.005411863327026367
1021,2,0.008909225463867188
1022,1,0.009882688522338867
1023,1,0.001861572265625
1024,1,0.0018644332885742188
1025,2,0.009230852127075195
1026,2,0.015738487243652344
1027,1,0.003818988800048828
1028,1,0.003919124603271484
1029,1,0.006774187088012695
1030,1,0.0068836212158203125
1031,2,0.007978200912475586
1032,1,0.00310516357421875
1033,2,0.019754648208618164
1034,1,0.001863241195678711
1035,10,0.04711651802062988
1036,1,0.0010807514190673828
1037,1,0.002736806869506836
1038,1,0.004961729049682617
1039,1,0.003692626953125
1040,4,0.032192230224609375
1041,4,0.020270347595214844
1042,4,0.03285717964172363
1043,2,0.027605772018432617
1044,2,0.0315096378326416
1045,2,0.022787809371948242
1046,6,0.025295019149780273
1047,6,0.03623247146606445
1048,4,0.03128361701965332
1049,4,0.022675514221191406
1050,2,0.03574728965759277
1051,2,0.021616697311401367
1052,10,0.034459590911865234
1053,2,0.019524812698364258
1054,6,0.026767253875732422
1055,4,0.02080225944519043
1056,8,0.03182530403137207
1057,10,0.04444527626037598
1058,4,0.0045435428619384766
1059,10,0.017896652221679688
1060,6,0.02388763427734375
1061,2,0.018403053283691406
1062,10,0.03588724136352539
1063,1,0.0004248619079589844
1064,1,0.0011124610900878906
1065,1,0.002637624740600586
1066,4,0.03027057647705078
1067,2,0.005465030670166016
1068,4,0.024494647979736328
1069,1,0.004631757736206055
1070,4,0.02687358856201172
1071,4,0.02053046226501465
1072,1,0.0038526058197021484
1073,2,0.0056078433990478516
1074,4,0.016501665115356445
1075,2,0.030789613723754883
1076,8,0.03275895118713379
1077,4,0.012068510055541992
1078,12,0.03248143196105957
1079,2,0.016606807708740234
1080,10,0.014247655868530273
1081,1,0.003554105758666992
1082,1,0.0058062076568603516
1083,4,0.023256778717041016
1084,4,0.03579998016357422
1085,12,0.0183560848236084
1086,1,0.0004885196685791016
1087,1,0.0005404949188232422
1088,1,0.0022330284118652344
1089,2,0.0023860931396484375
1090,1,0.0028295516967773438
1091,1,0.002269744873046875
1092,10,0.0431675910949707
1093,1,0.009202003479003906
1094,4,0.011966943740844727
1095,1,0.018895387649536133
1096,8,0.039376258850097656
1097,10,0.03160524368286133
1098,4,0.010931968688964844
1099,1,0.0004563331604003906
1100,1,0.013405323028564453
1101,2,0.004831790924072266
1102,1,0.0005726814270019531
1103,1,0.01757955551147461
1104,4,0.01623058319091797
1105,1,0.006282806396484375
1106,2,0.010460376739501953
1107,4,0.029272079467773438
1108,4,0.0337371826171875
1109,4,0.028678178787231445
1110,10,0.044458627700805664
1111,1,0.0012788772583007812
1112,4,0.004900932312011719
1113,2,0.005431652069091797
1114,1,0.007309913635253906
1115,10,0.025238037109375
1116,2,0.03779315948486328
1117,4,0.022922992706298828
1118,4,0.01092076301574707
1119,8,0.02851247787475586
1120,4,0.015536069869995117
1121,1,0.011963605880737305
1122,4,0.007066011428833008
1123,4,0.01568317413330078
1124,2,0.030367612838745117
1125,4,0.022669315338134766
1126,2,0.022472858428955078
1127,4,0.020496606826782227
1128,1,0.03333735466003418
1129,4,0.025948047637939453
1130,2,0.018500804901123047
1131,2,0.010537862777709961
1132,2,0.029399871826171875
1133,4,0.010503768920898438
1134,8,0.027863740921020508
1135,10,0.026364564895629883
1136,1,0.022873878479003906
1137,1,0.0004353523254394531
1138,2,0.01902604103088379
1139,1,0.00420832633972168
1140,4,0.007808685302734375
1141,1,0.00536656379699707
1142,10,0.024662494659423828
1143,1,0.016606569290161133
1144,1,0.012908935546875
1145,2,0.010639429092407227
1146,4,0.03307771682739258
1147,12,0.04933738708496094
1148,10,0.010069131851196289
1149,8,0.022904396057128906
1150,1,0.002976655960083008
1151,1,0.021491050720214844
1152,2,0.02744460105895996
1153,16,0.022478818893432617
1154,8,0.02370738983154297
1155,1,0.0006439685821533203
1156,1,0.005259275436401367
1157,2,0.014746665954589844
1158,2,0.022246360778808594
1159,10,0.04301857948303223
1160,6,0.024196147918701172
1161,1,0.0055234432220458984
1162,10,0.010770797729492188
1163,1,0.008167266845703125
1164,2,0.016211509704589844
1165,10,0.04525423049926758
1166,4,0.0433497428894043
1167,4,0.020749568939208984
1168,1,0.0006895065307617188
1169,1,0.0013051033020019531
1170,2,0.0033206939697265625
1171,1,0.002608060836791992
1172,2,0.005227565765380859
1173,2,0.014556884765625
1174,4,0.02471160888671875
1175,1,0.0016934871673583984
1176,1,0.0023818016052246094
1177,2,0.008305549621582031
1178,2,0.007175445556640625
1179,4,0.017439842224121094
1180,1,0.014266490936279297
1181,1,0.009763479232788086
1182,1,0.0012707710266113281
1183,1,0.0011987686157226562
1184,1,0.002162933349609375
1185,1,0.004774808883666992
1186,1,0.011456012725830078
1187,2,0.01684713363647461
1188,16,0.02935171127319336
1189,2,0.007953643798828125
1190,2,0.01876211166381836
1191,1,0.01270747184753418
1192,2,0.03700995445251465
1193,4,0.021197795867919922
1194,4,0.026911258697509766
1195,10,0.03653120994567871
1196,4,0.049868106842041016
1197,4,0.05325150489807129
1198,1,0.0006434917449951172
1199,1,0.0009322166442871094
1200,1,0.002011537551879883
1201,1,0.004578113555908203
1202,1,0.009072065353393555
1203,2,0.013391971588134766
1204,6,0.027722597122192383
1205,6,0.03768014907836914
1206,1,0.0036919116973876953
1207,1,0.006083250045776367
1208,2,0.004765510559082031
1209,1,0.0042688846588134766
1210,1,0.002243518829345703
1211,1,0.00035452842712402344
1212,1,0.004515171051025391
1213,4,0.043085575103759766
1214,4,0.03765869140625
1215,1,0.006184577941894531
1216,4,0.017423391342163086
1217,4,0.01023721694946289
1218,1,0.010663747787475586
1219,1,0.0004987716674804688
1220,1,0.00041794776916503906
1221,1,0.0007772445678710938
1222,1,0.0009529590606689453
1223,1,0.0005452632904052734
1224,1,0.001367330551147461
1225,1,0.003766298294067383
1226,1,0.004192352294921875
1227,1,0.0012259483337402344
1228,1,0.0026350021362304688
1229,1,0.014121532440185547
1230,4,0.019275903701782227
1231,12,0.02246999740600586
1232,1,0.006043910980224609
1233,1,0.0035266876220703125
1234,2,0.02198004722595215
1235,4,0.025461435317993164
1236,12,0.035985469818115234
1237,2,0.03215169906616211
1238,2,0.0036420822143554688
1239,4,0.03264260292053223
1240,1,0.006226778030395508
1241,4,0.0337371826171875
1242,1,0.007888317108154297
1243,4,0.043665409088134766
1244,1,0.008023738861083984
1245,6,0.03381776809692383
1246,1,0.0014154911041259766
1247,12,0.035175323486328125
1248,1,0.012752294540405273
1249,1,0.0012018680572509766
1250,1,0.007924079895019531
1251,4,0.025265932083129883
1252,1,0.0005676746368408203
1253,1,0.0005099773406982422
1254,1,0.014736175537109375
1255,1,0.003525257110595703
1256,12,0.011964559555053711
1257,2,0.028336524963378906
1258,1,0.006960153579711914
1259,1,0.0053670406341552734
1260,2,0.023225069046020508
1261,12,0.04167437553405762
1262,4,0.025087594985961914
1263,8,0.031034469604492188
1264,1,0.0077326297760009766
1265,8,0.04455900192260742
1266,10,0.05649876594543457
1267,1,0.0023152828216552734
1268,1,0.007500171661376953
1269,1,0.006378650665283203
1270,1,0.0007276535034179688
1271,1,0.0009324550628662109
1272,1,0.0029730796813964844
1273,4,0.006826162338256836
1274,12,0.015159845352172852
1275,4,0.015611648559570312
1276,4,0.02249598503112793
1277,10,0.029668331146240234
1278,2,0.009216547012329102
1279,1,0.0035173892974853516
1280,1,0.0004913806915283203
1281,1,0.0005316734313964844
1282,1,0.0004894733428955078
1283,1,0.0004341602325439453
1284,1,0.0006453990936279297
1285,1,0.0010559558868408203
1286,1,0.0017108917236328125
1287,1,0.0021142959594726562
1288,1,0.0019893646240234375
1289,1,0.0013794898986816406
1290,1,0.0006680488586425781
1291,1,0.007738351821899414
1292,1,0.0009400844573974609
1293,1,0.0010857582092285156
1294,1,0.00295257568359375
1295,1,0.009229660034179688
1296,2,0.01765584945678711
1297,2,0.029112577438354492
1298,2,0.042142629623413086
1299,4,0.02563619613647461
1300,2,0.031903743743896484
1301,4,0.008172988891601562
1302,1,0.0017192363739013672
1303,1,0.0009143352508544922
1304,1,0.0004968643188476562
1305,1,0.0029098987579345703
1306,1,0.00877523422241211
1307,8,0.013770103454589844
1308,4,0.024017810821533203
1309,8,0.028460264205932617
1310,1,0.03345060348510742
1311,4,0.01273655891418457
1312,1,0.006604194641113281
1313,1,0.0013966560363769531
1314,12,0.044687747955322266
1315,4,0.012699127197265625
1316,1,0.0011973381042480469
1317,1,0.007899045944213867
1318,6,0.020433664321899414
1319,4,0.03195929527282715
1320,1,0.00037026405334472656
1321,1,0.0003833770751953125
1322,1,0.0004134178161621094
1323,1,0.000431060791015625
1324,1,0.0005099773406982422
1325,1,0.0008127689361572266
1326,1,0.0018329620361328125
1327,1,0.006063222885131836
1328,4,0.009719371795654297
1329,1,0.0009045600891113281
1330,1,0.009946584701538086
1331,1,0.0015017986297607422
1332,2,0.027053117752075195
1333,1,0.0024666786193847656
1334,1,0.001108407974243164
1335,2,0.01690220832824707
1336,1,0.0015761852264404297
1337,2,0.03165888786315918
1338,1,0.003002166748046875
1339,1,0.003775358200073242
1340,1,0.00425410270690918
1341,10,0.0298769474029541
1342,1,0.0004942417144775391
1343,1,0.0006058216094970703
1344,1,0.0007193088531494141
1345,1,0.0008966922760009766
1346,1,0.0010538101196289062
1347,1,0.00041604042053222656
1348,1,0.0005991458892822266
1349,1,0.0015130043029785156
1350,4,0.008259773254394531
1351,8,0.045857906341552734
1352,1,0.00044417381286621094
1353,1,0.0006837844848632812
1354,1,0.0021140575408935547
1355,4,0.01025533676147461
1356,12,0.04521059989929199
1357,12,0.0449223518371582
1358,1,0.003135204315185547
1359,1,0.008065938949584961
1360,1,0.01289677619934082
1361,4,0.014018535614013672
1362,1,0.011493206024169922
1363,1,0.006912946701049805
1364,1,0.0028901100158691406
1365,1,0.001840353012084961
1366,1,0.00858306884765625
1367,1,0.00841522216796875
1368,48,0.012592792510986328
1369,2,0.044036149978637695
1370,4,0.03371763229370117
1371,1,0.0005669593811035156
1372,1,0.0005595684051513672
1373,1,0.002145528793334961
1374,1,0.002829313278198242
1375,1,0.002946138381958008
1376,2,0.0033540725708007812
1377,4,0.0066602230072021484
1378,1,0.011008501052856445
1379,2,0.027133464813232422
1380,4,0.013726472854614258
1381,4,0.028925657272338867
1382,1,0.0070073604583740234
1383,1,0.011493444442749023
1384,2,0.02372264862060547
1385,10,0.02507185935974121
1386,4,0.018910646438598633
1387,8,0.029605865478515625
1388,16,0.06333708763122559
1389,16,0.022435665130615234
1390,10,0.023319482803344727
1391,10,0.03216552734375
1392,2,0.024601221084594727
1393,2,0.023276567459106445
1394,4,0.015313148498535156
1395,10,0.012247085571289062
1396,4,0.04427361488342285
1397,2,0.04429459571838379
1398,4,0.046678781509399414
1399,4,0.024463653564453125
1400,4,0.033501386642456055
1401,16,0.0349879264831543
1402,1,0.015226125717163086
1403,1,0.011793375015258789
1404,1,0.0014042854309082031
1405,4,0.0404820442199707
1406,4,0.03539299964904785
1407,8,0.030249595642089844
1408,4,0.03606867790222168
1409,4,0.03541207313537598
1410,10,0.039490699768066406
1411,12,0.0390932559967041
1412,8,0.028850317001342773
1413,16,0.037702322006225586
1414,4,0.01917719841003418
1415,4,0.040086984634399414
1416,4,0.029627084732055664
1417,12,0.038338422775268555
1418,6,0.03435230255126953
1419,16,0.037348031997680664
1420,4,0.04743552207946777
1421,1,0.003282785415649414
1422,1,0.006020545959472656
1423,4,0.006587028503417969
1424,2,0.02069401741027832
1425,1,0.004166364669799805
1426,2,0.0055730342864990234
1427,1,0.01270151138305664
1428,1,0.023324012756347656
1429,1,0.003387451171875
1430,1,0.006019115447998047
1431,4,0.006105899810791016
1432,10,0.01852250099182129
1433,1,0.004216194152832031
1434,1,0.00670313835144043
1435,4,0.011229991912841797
1436,4,0.01471567153930664
1437,1,0.0014493465423583984
1438,16,0.05211949348449707
1439,1,0.0029850006103515625
1440,16,0.048403263092041016
1441,1,0.0008666515350341797
1442,16,0.03638935089111328
1443,1,0.0006608963012695312
1444,1,0.000997304916381836
1445,1,0.010156631469726562
1446,4,0.012768030166625977
1447,1,0.0013895034790039062
1448,2,0.02361464500427246
1449,6,0.03220796585083008
1450,1,0.004534482955932617
1451,1,0.0046732425689697266
1452,1,0.011996030807495117
1453,4,0.01244044303894043
1454,6,0.01950812339782715
1455,10,0.014951229095458984
1456,4,0.019051790237426758
1457,16,0.05865812301635742
1458,4,0.034938812255859375
1459,4,0.04728817939758301
1460,1,0.0019221305847167969
1461,1,0.0018589496612548828
1462,2,0.0222015380859375
1463,4,0.018489599227905273
1464,1,0.011858701705932617
1465,1,0.0042934417724609375
1466,10,0.02338433265686035
1467,1,0.01282811164855957
1468,6,0.035160064697265625
1469,16,0.030941009521484375
1470,2,0.0157163143157959
1471,2,0.005830049514770508
1472,12,0.04800891876220703
1473,1,0.006809711456298828
1474,10,0.0380246639251709
1475,8,0.05116987228393555
1476,1,0.005254030227661133
1477,8,0.0411679744720459
1478,1,0.0007886886596679688
1479,1,0.008305072784423828
1480,1,0.017658233642578125
1481,2,0.029984235763549805
1482,10,0.022846460342407227
1483,4,0.04383659362792969
1484,10,0.04644894599914551
1485,8,0.04216361045837402
1486,10,0.018246173858642578
1487,4,0.031139373779296875
1488,6,0.0353085994720459
1489,4,0.0248410701751709
1490,1,0.009073019027709961
1491,2,0.015130996704101562
1492,8,0.028032779693603516
1493,1,0.0019376277923583984
1494,1,0.0038051605224609375
1495,1,0.0072383880615234375
1496,1,0.014924287796020508
1497,12,0.023352622985839844
1498,4,0.029417037963867188
1499,2,0.013004779815673828
1500,4,0.018124103546142578
1501,8,0.027579784393310547
1502,1,0.006825447082519531
1503,2,0.016306400299072266
1504,4,0.016367673873901367
1505,4,0.017174720764160156
1506,8,0.02299785614013672
1507,4,0.02005934715270996
1508,4,0.01785421371459961
1509,4,0.021796226501464844
1510,4,0.005600929260253906
1511,1,0.01446390151977539
1512,1,0.01590871810913086
1513,2,0.020114660263061523
1514,4,0.019758939743041992
1515,4,0.025821685791015625
1516,4,0.016460180282592773
1517,4,0.019276142120361328
1518,10,0.027864933013916016
1519,2,0.026871919631958008
1520,4,0.02275395393371582
1521,4,0.027155399322509766
1522,10,0.026874303817749023
1523,6,0.026418685913085938
1524,4,0.01989579200744629
1525,6,0.022581815719604492
1526,1,0.009321212768554688
1527,1,0.010059833526611328
1528,1,0.004003286361694336
1529,1,0.017229795455932617
1530,6,0.05025362968444824
1531,4,0.010620594024658203
1532,16,0.008771419525146484
1533,4,0.030074596405029297
1534,6,0.02427530288696289
1535,12,0.042757511138916016
1536,10,0.039063215255737305
1537,10,0.034285783767700195
1538,12,0.03275012969970703
1539,16,0.03683018684387207
1540,1,0.006655454635620117
1541,2,0.02300739288330078
1542,4,0.04105091094970703
1543,1,0.004127979278564453
1544,4,0.004675626754760742
1545,1,0.007780790328979492
1546,1,0.009157657623291016
1547,1,0.007882356643676758
1548,4,0.011521100997924805
1549,2,0.017726421356201172
1550,4,0.014880657196044922
1551,16,0.024199247360229492
1552,4,0.014502286911010742
1553,10,0.03286623954772949
1554,6,0.0200350284576416
1555,1,0.006986141204833984
1556,4,0.016077518463134766
1557,2,0.02461719512939453
1558,4,0.02069258689880371
1559,1,0.0014128684997558594
1560,1,0.005336761474609375
1561,1,0.005795717239379883
1562,1,0.013292551040649414
1563,1,0.01492929458618164
1564,1,0.01668715476989746
1565,1,0.01757359504699707
1566,1,0.017930030822753906
1567,2,0.016397476196289062
1568,2,0.013607025146484375
1569,2,0.014748096466064453
1570,2,0.015781164169311523
1571,4,0.009408712387084961
1572,8,0.018382549285888672
1573,1,0.0023076534271240234
1574,1,0.0033681392669677734
1575,1,0.004590511322021484
1576,4,0.004193305969238281
1577,1,0.005212545394897461
1578,4,0.003178119659423828
1579,1,0.005560874938964844
1580,1,0.005929470062255859
1581,1,0.00041484832763671875
1582,1,0.0004107952117919922
1583,1,0.000457763671875
1584,1,0.0005784034729003906
1585,1,0.0009222030639648438
1586,1,0.0017452239990234375
1587,1,0.004511356353759766
1588,2,0.01092076301574707
1589,2,0.02562880516052246
1590,2,0.01284480094909668
1591,4,0.012574434280395508
1592,4,0.018422603607177734
1593,4,0.0232088565826416
1594,4,0.017531633377075195
1595,4,0.01917266845703125
1596,12,0.022745609283447266
1597,8,0.02636575698852539
1598,4,0.022378921508789062
1599,4,0.0228574275970459
1600,2,0.016948223114013672
1601,1,0.0017366409301757812
1602,4,0.013357400894165039
1603,8,0.015542745590209961
1604,1,0.0286712646484375
1605,4,0.020333051681518555
1606,2,0.020518779754638672
1607,4,0.015048980712890625
1608,2,0.018232107162475586
1609,4,0.0035424232482910156
1610,2,0.003389596939086914
1611,1,0.00318145751953125
1612,1,0.004746437072753906
1613,2,0.014137744903564453
1614,4,0.007866621017456055
1615,1,0.005671501159667969
1616,4,0.024303674697875977
1617,4,0.011434078216552734
1618,2,0.015887975692749023
1619,2,0.018994808197021484
1620,8,0.009029388427734375
1621,1,0.007399797439575195
1622,1,0.00721287727355957
1623,12,0.029172658920288086
1624,1,0.010775566101074219
1625,1,0.002663135528564453
1626,2,0.024780750274658203
1627,4,0.02178955078125
